,base_attack,base_defense,base_stamina,type,rarity,candy_required,found_egg,found_evolution,found_wild,found_research,found_raid,found_photobomb
0,118,111,128,109,2,,1,0,1,1,1,1
1,151,143,155,109,2,25.0,0,1,1,1,1,1
2,198,189,190,109,2,100.0,0,1,1,1,1,1
3,116,93,118,83,2,,1,0,1,1,1,1
4,158,126,151,83,2,25.0,0,1,1,1,1,1
5,223,173,186,74,2,100.0,0,1,1,1,1,1
6,94,121,127,205,2,,1,0,1,1,1,1
7,126,155,153,205,2,25.0,0,1,1,1,1,1
8,171,207,188,205,2,100.0,0,1,1,1,1,1
9,55,55,128,14,2,,0,0,1,1,0,1
10,45,80,137,14,2,12.0,0,1,1,1,1,1
11,167,137,155,5,2,50.0,0,1,1,1,1,1
12,63,50,120,9,2,,0,0,1,1,0,1
13,46,75,128,9,2,12.0,0,1,1,1,0,1
14,169,130,163,9,2,50.0,0,1,1,1,1,1
15,85,73,120,137,2,,0,0,1,1,0,1
16,117,105,160,137,2,12.0,0,1,1,1,0,1
17,166,154,195,137,2,50.0,0,1,1,1,1,1
18,103,70,102,24,2,,0,0,1,1,1,1
19,135,154,181,24,2,25.0,0,1,1,1,1,1
20,112,60,120,137,2,,0,0,1,1,0,1
21,182,133,163,137,2,50.0,0,1,1,1,1,1
22,110,97,111,153,2,,0,0,1,1,1,1
23,167,153,155,153,2,50.0,0,1,1,1,1,1
24,112,96,111,53,2,25.0,0,1,1,1,1,1
25,201,154,155,51,2,50.0,0,1,1,1,1,1
26,125,129,137,131,2,,0,0,1,1,1,1
27,177,195,181,131,2,50.0,0,1,1,1,1,1
28,86,89,146,153,2,,0,0,1,1,0,1
29,117,120,172,153,2,25.0,0,1,1,1,0,1
30,180,173,207,150,2,100.0,0,1,1,1,1,1
31,105,76,130,153,2,,0,0,1,1,1,1
32,137,111,156,153,2,25.0,0,1,1,1,0,1
33,204,156,191,150,2,100.0,0,1,1,1,1,1
34,107,108,172,58,2,25.0,0,1,1,1,1,1
35,178,162,216,58,2,50.0,0,1,1,1,1,1
36,96,109,116,133,2,,0,0,1,1,1,1
37,170,193,177,125,2,50.0,0,1,1,1,1,1
38,80,41,251,135,2,25.0,0,1,1,1,1,1
39,156,90,295,135,2,50.0,0,1,1,1,1,1
40,83,73,120,149,2,,0,0,1,1,1,1
41,161,150,181,149,2,25.0,0,1,1,1,1,1
42,131,112,128,109,2,,0,0,1,1,0,1
43,153,136,155,109,2,25.0,0,1,1,1,1,1
44,202,167,181,109,2,100.0,0,1,1,1,1,1
45,121,99,111,7,2,,0,0,1,1,1,1
46,165,146,155,7,2,50.0,0,1,1,1,1,1
47,100,100,155,9,2,,0,0,1,1,0,1
48,179,143,172,9,2,50.0,0,1,1,1,1,1
49,108,81,67,122,2,,0,0,1,1,1,1
50,201,142,111,122,2,50.0,0,1,1,1,1,1
51,99,78,120,28,2,,0,0,1,1,1,1
52,158,136,163,28,2,50.0,0,1,1,1,1,1
53,122,95,137,205,2,,0,0,1,1,1,1
54,191,162,190,205,2,50.0,0,1,1,1,1,1
55,148,82,120,69,2,,0,0,1,1,1,1
56,207,138,163,69,2,50.0,0,1,1,1,1,1
57,142,92,155,80,2,,1,0,1,1,1,1
58,232,165,216,80,2,50.0,0,1,1,1,1,1
59,101,82,120,205,2,,0,0,1,1,0,1
60,130,123,163,205,2,25.0,0,1,1,1,0,1
61,182,184,207,195,2,100.0,0,1,1,1,1,1
62,195,82,93,163,2,,0,0,1,1,1,1
63,232,117,120,163,2,25.0,0,1,1,1,1,1
64,271,167,146,163,2,100.0,0,1,1,1,1,1
65,137,82,172,69,2,,0,0,1,1,1,1
66,177,125,190,69,2,25.0,0,1,1,1,1,1
67,234,159,207,69,2,100.0,0,1,1,1,1,1
68,139,61,137,109,2,,0,0,1,1,1,1
69,172,92,163,109,2,25.0,0,1,1,1,0,1
70,207,135,190,109,2,100.0,0,1,1,1,1,1
71,97,149,120,201,2,,0,0,1,1,0,1
72,166,209,190,201,2,50.0,0,1,1,1,1,1
73,132,132,120,167,2,,0,0,1,1,1,1
74,164,164,146,167,2,25.0,0,1,1,1,1,1
75,211,198,190,167,2,100.0,0,1,1,1,1,1
76,170,127,137,163,2,,0,0,1,1,1,1
77,207,162,163,154,2,50.0,0,1,1,1,1,1
78,109,98,207,202,2,,0,0,1,1,1,1
79,177,180,216,202,2,50.0,0,1,1,1,1,1
80,165,121,93,52,2,,0,0,1,1,1,1
81,223,169,137,52,2,25.0,0,1,1,1,1,1
82,174,114,141,69,2,,0,0,1,1,1,1
83,158,83,111,137,2,,0,0,1,1,1,1
84,218,140,155,137,2,50.0,0,1,1,1,0,1
85,85,121,163,205,2,,0,0,1,1,1,1
86,139,177,207,200,2,50.0,0,1,1,1,1,1
87,135,90,190,144,2,,1,0,1,1,1,1
88,190,172,233,144,2,50.0,0,1,1,1,1,1
89,116,134,102,205,2,,1,0,1,1,1,1
90,186,256,137,200,2,50.0,0,1,1,1,1,1
91,186,67,102,97,2,,0,0,1,1,0,1
92,223,107,128,97,2,25.0,0,1,1,1,1,1
93,261,149,155,97,2,100.0,0,1,1,1,1,1
94,85,232,111,173,2,,0,0,1,1,1,1
95,89,136,155,163,2,,1,0,1,1,1,1
96,144,193,198,163,2,50.0,0,1,1,1,1,1
97,181,124,102,205,2,,0,0,1,1,0,1
98,240,181,146,205,2,50.0,0,1,1,1,1,1
99,109,111,120,46,2,,0,0,1,1,1,1
100,176,176,155,46,2,50.0,0,1,1,1,1,1
101,107,125,155,110,2,,0,0,1,1,1,1
102,230,153,216,100,2,50.0,0,1,1,1,1,1
103,90,144,137,123,2,,0,0,1,1,1,1
104,144,186,155,75,2,50.0,0,1,1,1,1,1
105,224,181,137,69,2,25.0,0,1,1,1,1,1
106,193,197,137,69,2,25.0,0,1,1,1,1,1
107,108,137,207,142,2,,0,0,1,1,1,1
108,119,141,120,153,2,,0,0,1,1,1,1
109,174,197,163,146,2,50.0,0,1,1,1,1,1
110,140,127,190,121,2,,0,0,1,1,1,1
111,222,171,233,121,2,25.0,0,1,1,1,1,1
112,60,128,487,142,2,25.0,0,1,1,1,1,1
113,183,169,163,112,2,,0,0,1,1,1,1
114,181,165,233,142,2,,0,0,1,1,1,1
115,129,103,102,205,2,,0,0,1,1,1,1
116,187,156,146,205,2,25.0,0,1,1,1,1,1
117,123,110,128,205,2,,0,0,1,1,0,1
118,175,147,190,205,2,50.0,0,1,1,1,0,1
119,137,112,102,205,2,,0,0,1,1,1,1
120,210,184,155,202,2,50.0,0,1,1,1,1,1
121,183,169,137,129,2,50.0,0,1,1,1,1,1
122,218,170,172,5,2,,0,0,1,1,1,1
123,223,151,163,129,2,25.0,0,1,1,1,1,1
124,198,158,163,53,2,25.0,0,1,1,1,1,1
125,206,154,163,83,2,25.0,0,1,1,1,1,1
126,238,182,163,14,2,,0,0,1,1,1,1
127,198,183,181,142,2,,0,0,1,1,1,1
128,29,85,85,205,2,,0,0,1,1,1,1
129,237,186,216,196,2,400.0,0,1,1,1,1,1
130,165,174,277,200,2,,0,0,1,1,1,1
131,91,91,134,142,2,,0,0,1,1,0,1
132,104,114,146,142,2,,1,0,1,1,1,1
133,205,161,277,205,2,25.0,0,1,1,1,1,1
134,232,182,163,53,2,25.0,0,1,1,1,1,1
135,246,179,163,83,2,25.0,0,1,1,1,1,1
136,153,136,163,142,2,,0,0,1,1,1,1
137,155,153,111,178,2,,1,0,1,1,1,1
138,207,201,172,178,2,50.0,0,1,1,1,1,1
139,148,140,102,178,2,,1,0,1,1,1,1
140,220,186,155,178,2,50.0,0,1,1,1,1,1
141,221,159,190,171,2,,1,0,1,1,1,1
142,190,169,330,142,2,50.0,0,1,1,1,1,1
143,250,197,207,157,0,,0,0,1,1,1,1
144,252,189,207,62,0,,0,0,1,1,1,1
145,202,231,207,19,0,,0,0,1,1,1,1
146,119,91,121,40,2,,1,0,1,1,1,1
147,163,135,156,40,2,25.0,0,1,1,1,0,1
148,263,198,209,33,2,100.0,0,1,1,1,1,1
149,182,278,214,163,0,,0,0,1,1,1,1
150,210,210,225,163,1,,0,0,0,1,0,0
151,92,122,128,112,2,,1,0,1,1,1,1
152,122,155,155,112,2,25.0,0,1,1,1,1,1
153,168,202,190,112,2,100.0,0,1,1,1,1,1
154,116,93,118,83,2,,1,0,1,1,1,1
155,158,126,151,83,2,25.0,0,1,1,1,1,1
156,238,172,177,75,2,100.0,0,1,1,1,1,1
157,117,109,137,205,2,,1,0,1,1,1,1
158,150,142,163,205,2,25.0,0,1,1,1,1,1
159,205,188,198,205,2,100.0,0,1,1,1,1,1
160,79,73,111,142,2,,0,0,1,1,0,1
161,148,125,198,142,2,25.0,0,1,1,1,0,1
162,67,88,155,137,2,,0,0,1,1,0,1
163,145,156,225,137,2,50.0,0,1,1,1,1,1
164,72,118,120,5,2,,0,0,1,1,1,1
165,107,179,146,5,2,25.0,0,1,1,1,0,1
166,105,73,120,9,2,,0,0,1,1,0,1
167,161,124,172,9,2,50.0,0,1,1,1,1,1
168,194,178,198,149,2,100.0,0,1,1,1,0,1
169,106,97,181,193,2,,0,0,1,1,1,1
170,146,137,268,193,2,50.0,0,1,1,1,1,1
171,77,53,85,53,2,,1,0,1,1,0,1
172,75,79,137,58,2,,1,0,1,1,0,1
173,69,32,207,135,2,,1,0,1,1,0,1
174,67,116,111,58,2,,1,0,1,1,0,1
175,139,181,146,55,2,25.0,0,1,1,1,1,1
176,134,89,120,157,2,,1,0,1,1,0,1
177,192,146,163,157,2,50.0,0,1,1,1,1,1
178,114,79,146,53,2,,1,0,1,1,1,1
179,145,109,172,53,2,25.0,0,1,1,1,1,1
180,211,169,207,53,2,100.0,0,1,1,1,1,1
181,169,186,181,112,2,100.0,0,1,1,1,1,1
182,37,93,172,194,2,25.0,0,1,1,1,1,1
183,112,152,225,194,2,25.0,0,1,1,1,1,1
184,167,176,172,179,2,50.0,0,1,1,1,1,1
185,174,179,207,205,2,100.0,0,1,1,1,1,1
186,67,94,111,104,2,,0,0,1,1,0,1
187,91,120,146,104,2,25.0,0,1,1,1,0,1
188,118,183,181,104,2,100.0,0,1,1,1,0,1
189,136,112,146,142,2,,0,0,1,1,1,1
190,55,55,102,112,2,,1,0,1,1,1,1
191,185,135,181,112,2,50.0,0,1,1,1,1,1
192,154,94,163,5,2,,0,0,1,1,1,1
193,75,66,146,199,2,,0,0,1,1,0,1
194,152,143,216,199,2,50.0,0,1,1,1,1,1
195,261,175,163,163,2,25.0,0,1,1,1,1,1
196,126,240,216,28,2,25.0,0,1,1,1,1,1
197,175,87,155,19,2,,0,0,1,1,1,1
198,177,180,216,202,2,50.0,0,1,1,1,1,1
199,167,154,155,98,2,,0,0,1,1,1,1
200,136,91,134,163,2,,0,0,1,1,1,1
201,60,106,382,163,2,25.0,0,1,1,1,1,1
202,182,133,172,140,2,,0,0,1,1,1,1
203,108,122,137,14,2,,1,0,1,1,1,1
204,161,205,181,12,2,50.0,0,1,1,1,1,1
205,131,128,225,142,2,,0,0,1,1,0,1
206,143,184,163,116,2,,0,0,1,1,1,1
207,148,272,181,185,2,50.0,0,1,1,1,1,1
208,137,85,155,58,2,,1,0,1,1,1,1
209,212,131,207,58,2,50.0,0,1,1,1,1,1
210,184,151,163,25,2,,1,0,1,1,1,1
211,236,181,172,12,2,50.0,0,1,1,1,1,1
212,17,396,85,11,2,,0,0,1,1,1,1
213,234,179,190,3,2,,0,0,1,1,1,1
214,189,146,146,65,2,,0,0,1,1,1,1
215,142,93,155,142,2,,0,0,1,1,0,1
216,236,144,207,142,2,50.0,0,1,1,1,1,1
217,118,71,120,83,2,,0,0,1,1,0,1
218,139,191,137,80,2,50.0,0,1,1,1,1,1
219,90,69,137,128,2,,0,0,1,1,1,1
220,181,138,225,128,2,25.0,0,1,1,1,1,1
221,118,156,146,203,2,,0,0,1,1,0,1
222,127,69,111,205,2,,0,0,1,1,0,1
223,197,141,181,205,2,50.0,0,1,1,1,1,1
224,128,90,128,126,2,,0,0,1,1,1,1
225,148,226,163,196,2,50.0,0,1,1,1,1,1
226,148,226,163,183,2,,0,0,1,1,1,1
227,152,83,128,18,2,,1,0,1,1,1,1
228,224,144,181,18,2,50.0,0,1,1,1,1,1
229,194,194,181,192,2,100.0,0,1,1,1,0,1
230,107,98,207,123,2,,0,0,1,1,1,1
231,214,185,207,123,2,50.0,0,1,1,1,1,1
232,198,180,198,142,2,25.0,0,1,1,1,1,1
233,192,131,177,142,2,,0,0,1,1,1,1
234,40,83,146,142,2,,0,0,0,0,0,1
235,64,64,111,69,2,,1,0,1,1,0,1
236,173,207,137,69,2,25.0,0,1,1,1,0,1
237,153,91,128,129,2,,1,0,1,1,0,1
238,135,101,128,53,2,,1,0,1,1,0,1
239,151,99,128,83,2,,1,0,1,1,0,1
240,157,193,216,142,2,,0,0,1,1,1,1
241,129,169,496,142,2,50.0,0,1,1,1,0,1
242,241,195,207,53,0,,0,0,1,1,1,1
243,235,171,251,83,0,,0,0,1,1,1,1
244,180,235,225,205,0,,0,0,1,1,1,1
245,115,93,137,173,2,,1,0,1,1,1,1
246,155,133,172,173,2,25.0,0,1,1,1,0,1
247,251,207,225,165,2,100.0,0,1,1,1,1,1
248,193,310,235,157,0,,0,0,1,1,1,1
249,239,244,214,74,0,,0,0,1,1,1,1
250,210,210,225,159,1,,0,0,0,1,0,0
251,124,94,120,112,2,,0,0,1,1,1,1
252,172,120,137,112,2,25.0,0,1,1,1,1,1
253,223,169,172,112,2,100.0,0,1,1,1,0,1
254,130,87,128,83,2,,0,0,1,1,1,1
255,163,115,155,73,2,25.0,0,1,1,1,1,1
256,240,141,190,73,2,100.0,0,1,1,1,1,1
257,126,93,137,205,2,,0,0,1,1,1,1
258,156,133,172,199,2,25.0,0,1,1,1,1,1
259,208,175,225,199,2,100.0,0,1,1,1,1,1
260,96,61,111,28,2,,1,0,1,1,0,1
261,171,132,172,28,2,50.0,0,1,1,1,1,1
262,58,80,116,24,2,,0,0,1,1,1,1
263,142,128,186,24,2,25.0,0,1,1,1,0,1
264,75,59,128,14,2,,1,0,1,1,1,1
265,60,77,137,14,2,12.0,0,1,1,1,0,1
266,189,98,155,5,2,50.0,0,1,1,1,0,1
267,60,77,137,14,2,12.0,0,1,1,1,0,1
268,98,162,155,9,2,50.0,0,1,1,1,0,1
269,71,77,120,198,2,,0,0,1,1,1,1
270,112,119,155,198,2,25.0,0,1,1,1,0,1
271,173,176,190,198,2,100.0,0,1,1,1,1,1
272,71,77,120,112,2,,0,0,1,1,0,1
273,134,78,172,99,2,25.0,0,1,1,1,1,1
274,200,121,207,99,2,100.0,0,1,1,1,1,1
275,106,61,120,137,2,,0,0,1,1,0,1
276,185,124,155,137,2,50.0,0,1,1,1,1,1
277,106,61,120,196,2,,1,0,1,1,1,1
278,175,174,155,196,2,50.0,0,1,1,1,1,1
279,79,59,99,154,2,,1,0,1,1,1,1
280,117,90,116,154,2,25.0,0,1,1,1,1,1
281,237,195,169,154,2,100.0,0,1,1,1,1,1
282,93,87,120,13,2,,0,0,1,1,0,1
283,192,150,172,5,2,50.0,0,1,1,1,0,1
284,74,110,155,112,2,,0,0,1,1,0,1
285,241,144,155,102,2,50.0,0,1,1,1,1,1
286,104,92,155,142,2,,0,0,1,1,0,1
287,159,145,190,142,2,25.0,0,1,1,1,0,1
288,290,166,284,142,2,100.0,0,1,1,1,1,1
289,80,126,104,8,2,,0,0,1,1,0,1
290,199,112,156,5,2,50.0,0,1,1,1,1,1
291,153,73,1,6,2,,0,0,1,1,0,1
292,92,42,162,142,2,,0,0,1,1,0,1
293,134,81,197,142,2,12.0,0,1,1,1,0,1
294,179,137,232,142,2,50.0,0,1,1,1,0,1
295,99,54,176,69,2,,1,0,1,1,1,1
296,209,114,302,69,2,50.0,0,1,1,1,1,1
297,36,71,137,135,2,,1,0,1,1,0,1
298,82,215,102,179,2,,0,0,1,1,1,1
299,84,79,137,142,2,,0,0,1,1,0,1
300,132,127,172,142,2,50.0,0,1,1,1,1,1
301,141,136,137,20,2,,1,0,1,1,1,1
302,155,141,137,181,2,,0,0,1,1,1,1
303,121,141,137,188,2,,1,0,1,1,1,1
304,158,198,155,188,2,25.0,0,1,1,1,1,1
305,198,257,172,188,2,100.0,0,1,1,1,1,1
306,78,107,102,66,2,,1,0,1,1,1,1
307,121,152,155,66,2,50.0,0,1,1,1,1,1
308,123,78,120,53,2,,0,0,1,1,1,1
309,215,127,172,53,2,50.0,0,1,1,1,1,1
310,167,129,155,53,2,,0,0,1,1,1,1
311,147,150,155,53,2,,0,0,1,1,1,1
312,143,166,163,14,2,,0,0,1,1,1,1
313,143,166,163,14,2,,0,0,1,1,1,1
314,186,131,137,109,2,25.0,0,1,1,1,1,1
315,80,99,172,153,2,,0,0,1,1,1,1
316,140,159,225,153,2,50.0,0,1,1,1,1,1
317,171,39,128,191,2,,0,0,1,1,1,1
318,243,83,172,191,2,50.0,0,1,1,1,1,1
319,136,68,277,205,2,,1,0,1,1,1,1
320,175,87,347,205,2,400.0,0,1,1,1,0,1
321,119,79,155,76,2,,0,0,1,1,1,1
322,194,136,172,76,2,50.0,0,1,1,1,1,1
323,151,203,172,83,2,,0,0,1,1,0,1
324,125,122,155,163,2,,0,0,1,1,1,1
325,171,188,190,163,2,50.0,0,1,1,1,1,1
326,116,116,155,142,2,,0,0,0,1,1,0
327,162,78,128,123,2,,0,0,1,1,1,1
328,134,99,137,114,2,25.0,0,1,1,1,1,1
329,205,168,190,114,2,100.0,0,1,1,1,1,1
330,156,74,137,112,2,,0,0,1,1,1,1
331,221,115,172,99,2,50.0,0,1,1,1,1,1
332,76,132,128,137,2,,1,0,1,1,1,1
333,141,201,181,33,2,400.0,0,1,1,1,1,1
334,222,124,177,142,2,,0,0,1,1,1,1
335,196,118,177,153,2,,0,0,1,1,1,1
336,178,153,207,176,2,,0,0,1,1,1,1
337,178,153,207,176,2,,0,0,1,1,1,1
338,93,82,137,199,2,,0,0,1,1,1,1
339,151,141,242,199,2,50.0,0,1,1,1,1,1
340,141,99,125,205,2,,0,0,1,1,0,1
341,224,142,160,191,2,50.0,0,1,1,1,1,1
342,77,124,120,120,2,,0,0,1,1,1,1
343,140,229,155,120,2,50.0,0,1,1,1,1,1
344,105,150,165,172,2,,0,0,1,1,1,1
345,152,194,200,172,2,50.0,0,1,1,1,0,1
346,176,100,128,164,2,,0,0,1,1,1,1
347,222,174,181,164,2,50.0,0,1,1,1,0,1
348,29,85,85,205,2,,1,0,1,1,1,1
349,192,219,216,205,2,100.0,0,1,1,1,0,1
350,139,139,172,142,2,,0,0,1,1,0,1
351,161,189,155,142,2,,0,0,1,1,0,1
352,138,65,127,98,2,,1,0,1,1,1,1
353,218,126,162,98,2,50.0,0,1,1,1,1,1
354,70,162,85,98,2,,1,0,1,1,1,1
355,124,234,120,98,2,25.0,0,1,1,1,1,1
356,136,163,223,104,2,,0,0,1,1,0,1
357,175,170,181,163,2,50.0,0,1,1,1,0,1
358,246,120,163,28,2,,0,0,1,1,1,1
359,41,86,216,163,2,,1,0,1,1,0,1
360,95,95,137,133,2,,1,0,1,1,1,1
361,162,162,190,133,2,100.0,0,1,1,1,1,1
362,95,90,172,132,2,,0,0,1,1,1,1
363,137,132,207,132,2,25.0,0,1,1,1,0,1
364,182,176,242,132,2,100.0,0,1,1,1,1,1
365,133,135,111,205,2,,0,0,1,1,0,1
366,197,179,146,205,2,50.0,0,1,1,1,0,1
367,211,179,146,205,2,50.0,0,1,1,1,0,1
368,162,203,225,203,2,,0,0,1,1,0,1
369,81,128,125,205,2,,1,0,1,1,1,1
370,134,93,128,40,2,,0,0,1,1,1,1
371,172,155,163,40,2,25.0,0,1,1,1,0,1
372,277,168,216,33,2,100.0,0,1,1,1,1,1
373,96,132,120,187,2,,0,0,1,1,1,1
374,138,176,155,187,2,25.0,0,1,1,1,1,1
375,257,228,190,187,2,100.0,0,1,1,1,1,1
376,179,309,190,179,0,,0,0,1,1,1,1
377,179,309,190,133,0,,0,0,1,1,1,1
378,143,285,190,189,0,,0,0,1,1,1,1
379,228,246,190,38,0,,0,0,1,1,1,1
380,268,212,190,38,0,,0,0,1,1,1,1
381,270,228,205,205,0,,0,0,1,1,1,1
382,270,228,205,123,0,,0,0,1,1,1,1
383,284,170,213,33,0,,0,0,1,1,1,1
384,210,210,225,187,1,,0,0,1,1,0,1
385,414,46,137,163,1,,0,0,1,1,1,1
386,119,110,146,112,2,,0,0,1,1,1,1
387,157,143,181,112,2,25.0,0,1,1,1,1,1
388,202,188,216,106,2,100.0,0,1,1,1,1,1
389,113,86,127,83,2,,0,0,1,1,1,1
390,158,105,162,73,2,25.0,0,1,1,1,1,1
391,222,151,183,73,2,100.0,0,1,1,1,0,1
392,112,102,142,205,2,,0,0,1,1,1,1
393,150,139,162,205,2,25.0,0,1,1,1,1,1
394,210,186,197,204,2,100.0,0,1,1,1,1,1
395,101,58,120,137,2,,0,0,1,1,1,1
396,142,94,146,137,2,25.0,0,1,1,1,0,1
397,234,140,198,137,2,100.0,0,1,1,1,1,1
398,80,73,153,142,2,,0,0,1,1,1,1
399,162,119,188,141,2,50.0,0,1,1,1,0,1
400,45,74,114,14,2,,0,0,1,1,1,1
401,160,100,184,14,2,50.0,0,1,1,1,0,1
402,117,64,128,53,2,,1,0,1,1,1,1
403,159,95,155,53,2,25.0,0,1,1,1,0,1
404,232,156,190,53,2,100.0,0,1,1,1,0,1
405,91,109,120,109,2,,1,0,1,1,0,1
406,243,185,155,109,2,100.0,0,1,1,1,1,1
407,218,71,167,179,2,,0,0,1,1,1,1
408,295,109,219,179,2,50.0,0,1,1,1,0,1
409,76,195,102,177,2,,0,0,1,1,1,1
410,94,286,155,177,2,50.0,0,1,1,1,1,1
411,53,83,120,14,2,,0,0,1,1,1,1
412,141,180,155,7,2,50.0,0,1,1,1,0,1
413,185,98,172,5,2,50.0,0,1,1,1,0,1
414,59,83,102,5,2,,0,0,1,1,1,1
415,149,190,172,5,2,50.0,0,1,1,1,0,1
416,94,172,155,53,2,,0,0,1,1,0,1
417,132,67,146,205,2,,0,0,1,1,1,1
418,221,114,198,205,2,50.0,0,1,1,1,1,1
419,108,92,128,112,2,,0,0,1,1,0,1
420,170,153,172,112,2,50.0,0,1,1,1,0,1
421,103,105,183,205,2,,0,0,1,1,1,1
422,169,143,244,199,2,50.0,0,1,1,1,0,1
423,205,143,181,142,2,100.0,0,1,1,1,0,1
424,117,80,207,94,2,,0,0,1,1,1,1
425,180,102,312,94,2,50.0,0,1,1,1,1,1
426,130,105,146,142,2,,0,0,1,1,1,1
427,156,194,163,142,2,50.0,0,1,1,1,1,1
428,211,187,155,98,2,100.0,0,1,1,1,0,1
429,243,103,225,19,2,100.0,0,1,1,1,0,1
430,109,82,135,142,2,,0,0,1,1,0,1
431,172,133,174,142,2,50.0,0,1,1,1,0,1
432,114,94,128,163,2,,1,0,1,1,0,1
433,121,90,160,144,2,,0,0,1,1,1,1
434,184,132,230,144,2,50.0,0,1,1,1,1,1
435,43,154,149,187,2,,0,0,1,1,1,1
436,161,213,167,187,2,50.0,0,1,1,1,1,1
437,124,133,137,179,2,,1,0,1,1,0,1
438,125,142,85,154,2,,1,0,1,1,0,1
439,25,77,225,142,2,,1,0,1,1,0,1
440,183,91,183,137,2,,0,0,1,1,0,1
441,169,199,137,90,2,,0,0,0,1,0,0
442,124,84,151,35,2,,0,0,1,1,1,1
443,172,125,169,35,2,25.0,0,1,1,1,0,1
444,261,193,239,35,2,100.0,0,1,1,1,0,1
445,137,117,286,142,2,,1,0,1,1,0,1
446,127,78,120,69,2,,1,0,1,1,0,1
447,236,144,172,67,2,50.0,0,1,1,1,0,1
448,124,118,169,123,2,,1,0,1,1,0,1
449,201,191,239,123,2,50.0,0,1,1,1,1,1
450,93,151,120,143,2,,0,0,1,1,1,1
451,180,202,172,144,2,50.0,0,1,1,1,1,1
452,116,76,134,147,2,,0,0,1,1,1,1
453,211,133,195,147,2,50.0,0,1,1,1,1,1
454,187,136,179,112,2,,0,0,1,1,0,1
455,96,116,135,205,2,,0,0,1,1,0,1
456,142,170,170,205,2,50.0,0,1,1,1,1,1
457,105,179,128,196,2,,1,0,1,1,0,1
458,115,105,155,107,2,,0,0,1,1,1,1
459,178,158,207,107,2,50.0,0,1,1,1,1,1
460,243,171,172,23,2,100.0,0,1,1,1,0,1
461,238,205,172,52,2,100.0,0,1,1,1,0,1
462,161,181,242,142,2,100.0,0,1,1,1,0,1
463,241,190,251,121,2,100.0,0,1,1,1,0,1
464,207,184,225,112,2,100.0,0,1,1,1,0,1
465,249,163,181,53,2,100.0,0,1,1,1,0,1
466,247,172,181,83,2,100.0,0,1,1,1,0,1
467,225,217,198,55,2,100.0,0,1,1,1,1,1
468,231,156,200,5,2,100.0,0,1,1,1,0,1
469,216,219,163,112,2,25.0,0,1,1,1,0,1
470,238,205,163,133,2,25.0,0,1,1,1,1,1
471,185,222,181,116,2,100.0,0,1,1,1,0,1
472,247,146,242,128,2,100.0,0,1,1,1,0,1
473,264,150,198,142,2,100.0,0,1,1,1,0,1
474,237,195,169,155,2,100.0,0,1,1,1,1,1
475,135,275,155,177,2,50.0,0,1,1,1,0,1
476,180,254,128,98,2,100.0,0,1,1,1,0,1
477,171,150,172,127,2,100.0,0,1,1,1,0,1
478,204,219,137,45,2,,0,0,1,1,0,1
479,156,270,181,163,0,,0,0,1,1,1,1
480,212,212,190,163,0,,0,0,1,1,1,1
481,270,151,181,163,0,,0,0,1,1,1,1
482,275,211,205,180,0,,0,0,1,1,1,1
483,280,215,189,192,0,,0,0,1,1,1,1
484,251,213,209,81,0,,0,0,1,1,1,1
485,287,210,221,142,0,,0,0,0,0,1,0
486,187,225,284,91,0,,0,0,1,1,1,1
487,152,258,260,163,0,,0,0,1,1,1,1
488,162,162,190,205,1,,2,2,2,2,2,2
489,210,210,225,205,1,,2,2,2,2,2,2
490,285,198,172,28,1,,0,0,1,1,1,1
491,210,210,225,112,1,,0,0,1,1,0,1
492,238,238,237,14,1,,2,2,2,2,2,2
493,210,210,225,156,1,,2,2,2,2,2,2
494,88,107,128,112,2,,0,0,1,1,1,1
495,122,152,155,112,2,25.0,0,1,1,1,0,1
496,161,204,181,112,2,100.0,0,1,1,1,0,1
497,115,85,163,83,2,,0,0,1,1,1,1
498,173,106,207,73,2,25.0,0,1,1,1,0,1
499,235,127,242,73,2,100.0,0,1,1,1,0,1
500,117,85,146,205,2,,0,0,1,1,1,1
501,159,116,181,205,2,25.0,0,1,1,1,0,1
502,218,152,207,191,2,100.0,0,1,1,1,0,1
503,98,73,128,142,2,,0,0,1,1,0,1
504,165,139,155,142,2,50.0,0,1,1,1,0,1
505,107,86,128,142,2,,0,0,1,1,0,1
506,145,126,163,142,2,25.0,0,1,1,1,1,1
507,206,182,198,142,2,100.0,0,1,1,1,1,1
508,98,73,121,28,2,,0,0,1,1,1,1
509,187,106,162,28,2,50.0,0,1,1,1,1,1
510,104,94,137,112,2,,0,0,1,1,1,1
511,206,133,181,112,2,50.0,0,1,1,1,0,1
512,104,94,137,83,2,,0,0,1,1,1,1
513,206,133,181,83,2,50.0,0,1,1,1,0,1
514,104,94,137,205,2,,0,0,1,1,0,1
515,206,133,181,205,2,50.0,0,1,1,1,0,1
516,111,92,183,163,2,,0,0,1,1,1,1
517,183,166,253,163,2,50.0,0,1,1,1,0,1
518,98,80,137,137,2,,0,0,1,1,1,1
519,144,107,158,137,2,12.0,0,1,1,1,1,1
520,226,146,190,137,2,50.0,0,1,1,1,0,1
521,118,64,128,53,2,,0,0,1,1,1,1
522,211,136,181,53,2,50.0,0,1,1,1,0,1
523,121,110,146,179,2,,0,0,1,1,1,1
524,174,143,172,179,2,50.0,0,1,1,1,1,1
525,226,201,198,179,2,200.0,0,1,1,1,0,1
526,107,85,163,157,2,,0,0,1,1,1,1
527,161,119,167,157,2,50.0,0,1,1,1,0,1
528,154,85,155,123,2,,0,0,1,1,1,1
529,255,129,242,122,2,50.0,0,1,1,1,1,1
530,114,163,230,142,2,,0,0,1,1,1,1
531,134,87,181,69,2,,0,0,1,1,1,1
532,180,134,198,69,2,50.0,0,1,1,1,0,1
533,243,158,233,69,2,200.0,0,1,1,1,0,1
534,98,78,137,205,2,,0,0,1,1,1,1
535,128,109,181,199,2,25.0,0,1,1,1,1,1
536,188,150,233,199,2,100.0,0,1,1,1,0,1
537,172,160,260,69,2,,0,0,1,1,0,1
538,231,153,181,69,2,,0,0,1,1,0,1
539,96,124,128,7,2,,2,2,2,2,2,2
540,115,162,146,7,2,25.0,2,2,2,2,2,2
541,205,165,181,7,2,100.0,2,2,2,2,2,2
542,83,99,102,9,2,,0,0,1,1,1,1
543,100,173,120,9,2,25.0,0,1,1,1,1,1
544,203,175,155,9,2,100.0,0,1,1,1,0,1
545,71,111,120,101,2,,0,0,1,1,1,1
546,164,176,155,101,2,50.0,0,1,1,1,1,1
547,119,91,128,112,2,,0,0,1,1,1,1
548,214,155,172,112,2,50.0,0,1,1,1,0,1
549,189,129,172,205,2,,0,0,1,1,0,1
550,132,69,137,113,2,,0,0,1,1,0,1
551,155,90,155,113,2,25.0,0,1,1,1,0,1
552,229,158,216,113,2,100.0,0,1,1,1,0,1
553,153,86,172,133,2,,0,0,1,1,1,1
554,263,114,233,133,2,50.0,0,1,1,1,0,1
555,201,130,181,112,2,,2,2,2,2,2,2
556,118,128,137,11,2,,0,0,1,1,1,1
557,188,200,172,11,2,50.0,0,1,1,1,0,1
558,132,132,137,17,2,,0,0,1,1,1,1
559,163,222,163,17,2,50.0,0,1,1,1,0,1
560,204,167,176,157,2,,2,2,2,2,2,2
561,95,141,116,117,2,,0,0,1,1,1,1
562,163,237,151,98,2,50.0,0,1,1,1,0,1
563,134,146,144,203,2,,0,0,1,1,0,1
564,192,197,179,203,2,50.0,0,1,1,1,0,1
565,213,89,146,171,2,,0,0,1,1,0,1
566,292,139,181,171,2,50.0,0,1,1,1,0,1
567,96,122,137,153,2,,0,0,1,1,1,1
568,181,164,190,153,2,50.0,0,1,1,1,1,1
569,153,78,120,28,2,,0,0,1,1,0,1
570,250,127,155,28,2,50.0,0,1,1,1,0,1
571,98,80,146,142,2,,0,0,1,1,0,1
572,198,130,181,142,2,50.0,0,1,1,1,1,1
573,98,112,128,163,2,,0,0,1,1,1,1
574,137,153,155,163,2,25.0,0,1,1,1,1,1
575,176,205,172,163,2,100.0,0,1,1,1,0,1
576,170,83,128,163,2,,0,0,1,1,1,1
577,208,103,163,163,2,25.0,0,1,1,1,0,1
578,214,148,242,163,2,100.0,0,1,1,1,0,1
579,84,96,158,196,2,,2,2,2,2,2,2
580,182,132,181,196,2,50.0,2,2,2,2,2,2
581,118,106,113,133,2,,0,0,1,1,1,1
582,151,138,139,133,2,25.0,0,1,1,1,0,1
583,218,184,174,133,2,100.0,0,1,1,1,0,1
584,115,100,155,138,2,,2,2,2,2,2,2
585,198,146,190,138,2,50.0,2,2,2,2,2,2
586,158,127,146,45,2,,0,0,1,1,1,1
587,137,87,137,14,2,,0,0,1,1,0,1
588,223,187,172,12,2,200.0,0,1,1,1,0,1
589,97,91,170,109,2,,0,0,1,1,1,1
590,155,139,249,109,2,50.0,0,1,1,1,1,1
591,115,134,146,197,2,,0,0,1,1,1,1
592,159,178,225,197,2,50.0,0,1,1,1,0,1
593,138,131,338,205,2,,0,0,1,1,1,1
594,110,98,137,1,2,,0,0,1,1,1,1
595,201,128,172,1,2,50.0,0,1,1,1,1,1
596,82,155,127,111,2,,0,0,1,1,1,1
597,158,223,179,111,2,50.0,0,1,1,1,0,1
598,98,121,120,189,2,,0,0,1,1,1,1
599,150,174,155,189,2,25.0,0,1,1,1,0,1
600,199,214,155,189,2,100.0,0,1,1,1,0,1
601,105,78,111,53,2,,2,2,2,2,2,2
602,156,130,163,53,2,25.0,2,2,2,2,2,2
603,217,152,198,53,2,100.0,2,2,2,2,2,2
604,148,100,146,163,2,,0,0,1,1,1,1
605,221,163,181,163,2,50.0,0,1,1,1,0,1
606,108,98,137,93,2,,0,0,1,1,1,1
607,169,115,155,93,2,25.0,0,1,1,1,1,1
608,271,182,155,93,2,100.0,0,1,1,1,0,1
609,154,101,130,40,2,,0,0,1,1,1,1
610,212,123,165,40,2,25.0,0,1,1,1,0,1
611,284,172,183,40,2,100.0,0,1,1,1,0,1
612,128,74,146,133,2,,0,0,1,1,1,1
613,233,152,216,133,2,50.0,0,1,1,1,0,1
614,190,218,190,133,2,,0,0,1,1,1,1
615,72,140,137,14,2,,0,0,1,1,0,1
616,220,120,190,14,2,200.0,0,1,1,1,0,1
617,144,171,240,122,2,,0,0,1,1,1,1
618,160,98,128,69,2,,2,2,2,2,2,2
619,258,127,163,69,2,50.0,2,2,2,2,2,2
620,213,170,184,40,2,,0,0,1,1,1,1
621,127,92,153,117,2,,0,0,1,1,1,1
622,222,154,205,117,2,50.0,0,1,1,1,1,1
623,154,114,128,27,2,,0,0,1,1,0,1
624,232,176,163,27,2,50.0,0,1,1,1,0,1
625,195,182,216,142,2,,2,2,2,2,2,2
626,150,97,172,137,2,,1,0,0,0,1,0
627,213,137,242,157,2,50.0,0,1,1,1,1,1
628,105,139,172,19,2,,0,0,1,1,0,1
629,129,205,242,19,2,50.0,0,1,1,1,0,1
630,204,129,198,83,2,,0,0,1,1,0,1
631,217,188,151,12,2,,0,0,1,1,1,1
632,116,93,141,15,2,,0,0,1,1,1,1
633,159,135,176,15,2,25.0,0,1,1,1,0,1
634,256,188,211,15,2,100.0,0,1,1,1,0,1
635,156,107,146,4,2,,2,2,2,2,2,2
636,264,189,198,4,2,400.0,2,2,2,2,2,2
637,192,229,209,182,0,,0,0,1,1,1,1
638,260,192,209,169,0,,0,0,1,1,1,1
639,192,229,209,102,0,,0,0,1,1,1,1
640,266,164,188,89,0,,0,0,1,1,1,1
641,266,164,188,45,0,,0,0,1,1,1,1
642,275,211,205,32,0,,0,0,1,1,1,1
643,275,211,205,30,0,,0,0,1,1,1,1
644,261,182,205,116,0,,0,0,1,1,1,1
645,310,183,245,36,0,,0,0,1,1,1,1
646,260,192,209,195,1,,2,2,2,2,2,2
647,250,225,225,140,1,,2,2,2,2,2,2
648,252,199,174,12,1,,0,0,1,1,1,1
649,110,106,148,112,2,,0,0,1,1,1,1
650,146,156,156,112,2,25.0,0,1,1,1,0,1
651,201,204,204,102,2,100.0,0,1,1,1,0,1
652,116,102,120,83,2,,0,0,1,1,1,1
653,171,130,153,83,2,25.0,0,1,1,1,0,1
654,230,189,181,79,2,100.0,0,1,1,1,0,1
655,122,84,121,205,2,,0,0,1,1,1,1
656,168,114,144,205,2,25.0,0,1,1,1,0,1
657,223,152,176,191,2,100.0,0,1,1,1,0,1
658,68,72,116,142,2,,0,0,1,1,1,1
659,112,155,198,139,2,50.0,0,1,1,1,1,1
660,95,80,128,137,2,,0,0,1,1,1,1
661,145,110,158,74,2,25.0,0,1,1,1,1,1
662,176,155,186,74,2,100.0,0,1,1,1,0,1
663,63,63,116,14,2,,2,2,2,2,2,2
664,48,89,128,14,2,25.0,2,2,2,2,2,2
665,176,103,190,5,2,100.0,2,2,2,2,2,2
666,139,112,158,77,2,,0,0,1,1,1,1
667,221,149,200,77,2,50.0,0,1,1,1,0,1
668,108,120,127,58,2,,0,0,1,1,0,1
669,136,151,144,58,2,25.0,0,1,1,1,0,1
670,212,244,186,58,2,100.0,0,1,1,1,0,1
671,123,102,165,112,2,,0,0,1,1,0,1
672,196,146,265,112,2,50.0,0,1,1,1,0,1
673,145,107,167,69,2,,0,0,1,1,1,1
674,226,146,216,59,2,50.0,0,1,1,1,0,1
675,164,167,181,142,2,,0,0,1,1,1,1
676,120,114,158,163,2,,0,0,1,1,1,1
677,166,167,179,163,2,50.0,0,1,1,1,0,1
678,0,0,0,184,2,,2,2,2,2,2,2
679,0,0,0,184,2,25.0,2,2,2,2,2,2
680,0,0,0,184,2,100.0,2,2,2,2,2,2
681,110,113,186,58,2,,0,0,1,1,1,1
682,173,150,226,58,2,50.0,0,1,1,1,0,1
683,109,119,158,58,2,,0,0,1,1,1,1
684,168,163,193,58,2,50.0,0,1,1,1,0,1
685,98,95,142,26,2,,0,0,1,1,1,1
686,177,165,200,26,2,50.0,0,1,1,1,0,1
687,96,120,123,178,2,,0,0,1,1,1,1
688,194,205,176,178,2,50.0,0,1,1,1,0,1
689,109,109,137,152,2,,0,0,1,1,1,1
690,177,207,163,145,2,50.0,0,1,1,1,0,1
691,108,117,137,205,2,,0,0,1,1,1,1
692,221,171,174,205,2,50.0,0,1,1,1,0,1
693,115,78,127,49,2,,0,0,1,1,1,1
694,219,168,158,49,2,50.0,0,1,1,1,0,1
695,158,123,151,166,2,,0,0,1,1,0,1
696,227,191,193,166,2,50.0,0,1,1,1,0,1
697,124,109,184,174,2,,0,0,1,1,0,1
698,186,163,265,174,2,50.0,0,1,1,1,0,1
699,203,205,216,58,2,25.0,0,1,1,1,0,1
700,195,153,186,62,2,,2,2,2,2,2,2
701,164,134,167,43,2,,0,0,1,1,1,1
702,95,285,137,168,2,,2,2,2,2,2,2
703,101,112,128,40,2,,0,0,1,1,0,1
704,159,176,169,40,2,25.0,0,1,1,1,0,1
705,220,242,207,40,2,100.0,0,1,1,1,0,1
706,160,179,149,181,2,,2,2,2,2,2,2
707,125,103,125,95,2,,0,0,1,1,1,1
708,201,154,198,95,2,200.0,0,1,1,1,0,1
709,121,123,135,95,2,,0,0,1,1,1,1
710,175,213,163,95,2,200.0,0,0,1,1,0,1
711,117,120,146,133,2,,0,0,1,1,1,1
712,214,238,216,130,2,50.0,0,1,1,1,0,1
713,83,73,120,85,2,,0,0,1,1,0,1
714,205,175,198,85,2,400.0,0,1,1,1,0,1
715,250,185,246,58,0,,0,0,1,1,1,1
716,250,185,246,19,0,,0,0,1,1,1,1
717,184,207,389,35,0,,2,2,2,2,2,2
718,190,285,137,168,1,,2,2,2,2,2,2
719,261,187,173,158,1,,2,2,2,2,2,2
720,252,216,190,82,1,,2,2,2,2,2,2
721,102,99,169,104,2,,0,0,1,1,0,1
722,142,139,186,104,2,25.0,0,1,1,1,0,1
723,213,174,204,102,2,100.0,0,1,1,1,0,1
724,128,79,128,83,2,,0,0,1,1,0,1
725,174,103,163,83,2,25.0,0,1,1,1,0,1
726,214,175,216,71,2,100.0,0,1,1,1,0,1
727,120,103,137,205,2,,2,2,2,2,2,2
728,168,145,155,205,2,25.0,2,2,2,2,2,2
729,232,195,190,194,2,100.0,2,2,2,2,2,2
730,136,59,111,137,2,,2,2,2,2,2,2
731,159,100,146,137,2,25.0,2,2,2,2,2,2
732,222,146,190,137,2,100.0,2,2,2,2,2,2
733,122,56,134,142,2,,0,0,1,1,0,1
734,194,113,204,142,2,50.0,0,1,1,1,0,1
735,115,85,132,14,2,,0,0,1,1,1,1
736,145,161,149,1,2,25.0,0,1,1,1,0,1
737,254,158,184,1,2,100.0,0,1,1,1,0,1
738,150,104,132,69,2,,2,2,2,2,2,2
739,231,138,219,64,2,50.0,2,2,2,2,2,2
740,196,145,181,74,2,,0,0,1,1,0,1
741,110,81,120,2,2,,0,0,1,1,0,1
742,198,146,155,2,2,50.0,0,1,1,1,0,1
743,117,78,128,179,2,,0,0,1,1,1,1
744,234,139,181,179,2,50.0,0,1,1,1,0,1
745,255,242,128,205,2,,2,2,2,2,2,2
746,98,110,137,152,2,,0,0,1,1,1,1
747,114,273,137,152,2,50.0,0,1,1,1,0,1
748,175,121,172,123,2,,2,2,2,2,2,2
749,214,174,225,123,2,50.0,2,2,2,2,2,2
750,72,117,116,190,2,,0,0,1,1,0,1
751,126,219,169,190,2,50.0,0,1,1,1,0,1
752,100,64,120,112,2,,0,0,1,1,0,1
753,192,169,172,112,2,50.0,0,1,1,1,0,1
754,108,119,120,101,2,,0,0,1,1,1,1
755,154,168,155,101,2,50.0,0,1,1,1,0,1
756,136,80,134,148,2,,2,2,2,2,2,2
757,228,130,169,148,2,50.0,2,2,2,2,2,2
758,136,95,172,136,2,,0,0,1,1,0,1
759,226,141,260,136,2,400.0,0,1,1,1,0,1
760,55,69,123,112,2,,0,0,1,1,0,1
761,78,94,141,112,2,25.0,0,1,1,1,0,1
762,222,195,176,112,2,100.0,0,1,1,1,0,1
763,165,215,139,58,2,,2,2,2,2,2,2
764,168,192,207,140,2,,0,0,1,1,1,1
765,222,160,225,69,2,,2,2,2,2,2,2
766,67,74,93,13,2,,0,0,1,1,1,1
767,218,226,181,13,2,400.0,0,1,1,1,0,1
768,120,118,146,96,2,,2,2,2,2,2,2
769,178,178,198,96,2,50.0,2,2,2,2,2,2
770,97,224,146,205,2,,2,2,2,2,2,2
771,184,184,216,142,2,,2,2,2,2,2,2
772,198,198,216,14,2,200.0,2,2,2,2,2,2
773,218,131,155,171,2,,2,2,2,2,2,2
774,216,165,163,142,2,,0,0,1,1,0,1
775,165,215,155,72,2,,0,0,1,1,1,1
776,190,145,163,52,2,,2,2,2,2,2,2
777,177,199,146,92,2,,2,2,2,2,2,2
778,208,145,169,202,2,,2,2,2,2,2,2
779,231,164,186,134,2,,0,0,1,1,0,1
780,233,179,172,95,2,,2,2,2,2,2,2
781,102,108,128,40,2,,2,2,2,2,2,2
782,145,162,146,31,2,25.0,2,2,2,2,2,2
783,222,240,181,31,2,100.0,2,2,2,2,2,2
784,250,181,172,43,0,,0,0,1,1,1,1
785,259,208,172,154,0,,0,0,1,1,1,1
786,249,215,172,101,0,,0,0,1,1,1,1
787,189,254,172,194,0,,0,0,1,1,1,1
788,54,57,125,163,0,,2,2,2,2,2,2
789,54,242,125,163,0,25.0,2,2,2,2,2,2
790,255,191,264,162,0,100.0,2,2,2,2,2,2
791,255,191,264,158,0,100.0,2,2,2,2,2,2
792,249,210,240,175,3,,0,0,1,1,1,1
793,236,196,216,3,3,,2,2,2,2,2,2
794,316,85,174,3,3,,2,2,2,2,2,2
795,330,144,195,53,3,,0,0,1,1,0,1
796,207,199,219,183,3,,0,0,1,1,1,1
797,323,182,139,111,3,,0,0,1,1,1,1
798,188,99,440,15,3,,0,0,1,1,1,1
799,277,220,200,158,0,,0,0,1,1,0,1
800,246,225,190,181,1,,2,2,2,2,2,2
801,265,190,207,63,1,,2,2,2,2,2,2
802,145,133,167,153,3,,2,2,2,2,2,2
803,263,159,177,145,3,200.0,2,2,2,2,2,2
804,213,298,156,177,3,,2,2,2,2,2,2
805,315,148,142,75,3,,2,2,2,2,2,2
806,252,177,204,53,1,,2,2,2,2,2,2
807,118,99,130,189,1,,0,0,1,1,0,1
808,226,190,264,189,1,400.0,0,1,1,1,0,1
809,122,91,137,112,2,,2,2,2,2,2,2
810,165,134,172,112,2,25.0,2,2,2,2,2,2
811,239,168,225,112,2,100.0,2,2,2,2,2,2
812,132,79,137,83,2,,2,2,2,2,2,2
813,170,125,163,83,2,25.0,2,2,2,2,2,2
814,238,163,190,83,2,100.0,2,2,2,2,2,2
815,132,79,137,205,2,,2,2,2,2,2,2
816,186,113,163,205,2,25.0,2,2,2,2,2,2
817,262,142,172,205,2,100.0,2,2,2,2,2,2
818,95,86,172,142,2,,2,2,2,2,2,2
819,160,156,260,142,2,50.0,2,2,2,2,2,2
820,88,67,116,89,2,,2,2,2,2,2,2
821,129,110,169,89,2,25.0,2,2,2,2,2,2
822,163,192,221,87,2,100.0,2,2,2,2,2,2
823,46,67,93,14,2,,2,2,2,2,2,2
824,87,157,137,10,2,25.0,2,2,2,2,2,2
825,156,240,155,10,2,100.0,2,2,2,2,2,2
826,85,82,120,28,2,,2,2,2,2,2,2
827,172,164,172,28,2,50.0,2,2,2,2,2,2
828,70,104,120,112,2,,2,2,2,2,2,2
829,148,211,155,112,2,50.0,2,2,2,2,2,2
830,76,97,123,142,2,,2,2,2,2,2,2
831,159,198,176,142,2,50.0,2,2,2,2,2,2
832,114,85,137,205,2,,2,2,2,2,2,2
833,213,164,207,203,2,50.0,2,2,2,2,2,2
834,80,90,153,53,2,,2,2,2,2,2,2
835,197,131,170,53,2,50.0,2,2,2,2,2,2
836,73,91,102,179,2,,2,2,2,2,2,2
837,114,157,190,170,2,25.0,2,2,2,2,2,2
838,146,198,242,170,2,100.0,2,2,2,2,2,2
839,71,116,120,100,2,,2,2,2,2,2,2
840,214,144,172,100,2,400.0,2,2,2,2,2,2
841,178,146,242,100,2,400.0,2,2,2,2,2,2
842,103,123,141,123,2,,2,2,2,2,2,2
843,202,207,176,123,2,50.0,2,2,2,2,2,2
844,173,163,172,88,2,,2,2,2,2,2,2
845,118,72,121,205,2,,2,2,2,2,2,2
846,258,127,156,205,2,50.0,2,2,2,2,2,2
847,97,65,120,50,2,,2,2,2,2,2,2
848,224,140,181,50,2,50.0,2,2,2,2,2,2
849,118,90,137,70,2,,2,2,2,2,2,2
850,220,158,225,70,2,50.0,2,2,2,2,2,2
851,121,103,137,69,2,,2,2,2,2,2,2
852,209,162,190,69,2,50.0,2,2,2,2,2,2
853,134,96,120,98,2,,2,2,2,2,2,2
854,248,189,155,98,2,50.0,2,2,2,2,2,2
855,98,93,123,163,2,,2,2,2,2,2,2
856,153,133,149,163,2,25.0,2,2,2,2,2,2
857,237,182,149,154,2,100.0,2,2,2,2,2,2
858,103,69,128,16,2,,2,2,2,2,2,2
859,145,102,163,16,2,25.0,2,2,2,2,2,2
860,227,139,216,16,2,100.0,2,2,2,2,2,2
861,180,194,212,24,2,100.0,0,1,1,1,0,1
862,195,162,172,189,2,50.0,0,1,1,1,0,1
863,253,182,155,98,2,,2,2,2,2,2,2
864,248,176,158,69,2,50.0,0,1,1,1,0,1
865,212,179,190,129,2,50.0,2,2,2,2,2,2
866,163,237,151,117,2,50.0,0,1,1,1,0,1
867,90,97,128,58,2,,2,2,2,2,2,2
868,203,203,163,58,2,50.0,2,2,2,2,2,2
869,193,170,163,69,2,,2,2,2,2,2,2
870,176,161,134,53,2,,2,2,2,2,2,2
871,76,59,102,124,2,,2,2,2,2,2,2
872,230,155,172,124,2,50.0,2,2,2,2,2,2
873,222,182,225,179,2,,2,2,2,2,2,2
874,148,195,181,133,2,,2,2,2,2,2,2
875,184,184,172,161,2,,2,2,2,2,2,2
876,192,121,151,41,2,,2,2,2,2,2,2
877,140,91,176,189,2,,2,2,2,2,2,2
878,226,126,263,189,2,50.0,2,2,2,2,2,2
879,195,165,207,42,2,,2,2,2,2,2,2
880,190,166,207,48,2,,2,2,2,2,2,2
881,175,185,207,192,2,,2,2,2,2,2,2
882,171,185,207,200,2,,2,2,2,2,2,2
883,239,185,172,180,2,,2,2,2,2,2,2
884,117,61,99,34,2,,2,2,2,2,2,2
885,163,105,169,34,2,25.0,2,2,2,2,2,2
886,266,170,204,34,2,100.0,2,2,2,2,2,2
887,332,240,192,57,0,,2,2,2,2,2,2
888,250,292,192,67,0,,2,2,2,2,2,2
889,251,505,452,145,0,,2,2,2,2,2,2
890,170,112,155,69,0,,2,2,2,2,2,2
891,254,177,225,68,0,400.0,2,2,2,2,2,2
892,242,215,233,21,1,,2,2,2,2,2,2
893,250,125,190,53,0,,2,2,2,2,2,2
894,202,101,400,40,0,,2,2,2,2,2,2
895,246,223,225,133,0,,2,2,2,2,2,2
896,273,146,205,98,0,,2,2,2,2,2,2
897,268,246,205,160,0,,2,2,2,2,2,2
898,206,145,230,140,2,,0,0,1,1,0,1
899,253,174,172,11,2,,0,0,1,1,0,1
900,243,181,277,119,2,100.0,2,2,2,2,2,2
901,259,158,190,65,2,100.0,0,0,1,1,0,1
902,222,171,198,25,2,50.0,0,0,1,1,0,1
903,281,162,179,55,0,,2,2,2,2,2,2
904,116,99,120,112,2,,2,2,2,2,2,2
905,157,128,156,112,2,25.0,2,2,2,2,2,2
906,233,153,183,99,2,100.0,2,2,2,2,2,2
907,112,96,167,83,2,,2,2,2,2,2,2
908,162,134,191,83,2,25.0,2,2,2,2,2,2
909,207,178,232,75,2,100.0,2,2,2,2,2,2
910,120,86,146,205,2,,2,2,2,2,2,2
911,162,123,172,205,2,25.0,2,2,2,2,2,2
912,236,159,198,195,2,100.0,2,2,2,2,2,2
913,81,79,144,142,2,,0,0,1,1,0,1
914,169,162,251,142,2,50.0,0,1,1,1,0,1
915,70,77,111,14,2,,2,2,2,2,2,2
916,139,166,155,14,2,25.0,2,2,2,2,2,2
917,81,65,107,14,2,,2,2,2,2,2,2
918,199,144,174,0,2,50.0,2,2,2,2,2,2
919,95,45,128,53,2,,2,2,2,2,2,2
920,147,82,155,44,2,25.0,2,2,2,2,2,2
921,232,141,172,44,2,100.0,2,2,2,2,2,2
922,98,90,137,142,2,,2,2,2,2,2,2
923,159,157,179,142,2,25.0,2,2,2,2,2,2
924,102,126,114,58,2,,2,2,2,2,2,2
925,159,212,149,58,2,50.0,2,2,2,2,2,2
926,100,89,121,108,2,,2,2,2,2,2,2
927,137,131,141,108,2,25.0,2,2,2,2,2,2
928,219,189,186,108,2,100.0,2,2,2,2,2,2
929,185,105,193,137,2,,2,2,2,2,2,2
930,95,108,146,179,2,,2,2,2,2,2,2
931,105,160,155,179,2,25.0,2,2,2,2,2,2
932,171,212,225,179,2,100.0,2,2,2,2,2,2
933,92,74,120,83,2,,2,2,2,2,2,2
934,234,185,198,79,2,50.0,2,2,2,2,2,2
935,239,189,181,75,2,50.0,2,2,2,2,2,2
936,104,73,156,53,2,,2,2,2,2,2,2
937,184,165,240,53,2,50.0,2,2,2,2,2,2
938,105,75,120,45,2,,2,2,2,2,2,2
939,221,132,172,45,2,50.0,2,2,2,2,2,2
940,140,108,155,28,2,,2,2,2,2,2,2
941,230,168,190,28,2,50.0,2,2,2,2,2,2
942,124,70,120,151,2,,2,2,2,2,2,2
943,199,149,160,151,2,50.0,2,2,2,2,2,2
944,121,64,120,105,2,,2,2,2,2,2,2
945,228,144,146,105,2,50.0,2,2,2,2,2,2
946,97,149,120,118,2,,2,2,2,2,2,2
947,166,209,190,118,2,50.0,2,2,2,2,2,2
948,184,185,172,179,2,,2,2,2,2,2,2
949,118,76,137,112,2,,2,2,2,2,2,2
950,216,130,163,103,2,50.0,2,2,2,2,2,2
951,86,108,121,14,2,,2,2,2,2,2,2
952,201,178,181,10,2,50.0,2,2,2,2,2,2
953,105,60,102,163,2,,2,2,2,2,2,2
954,204,127,216,163,2,50.0,2,2,2,2,2,2
955,85,110,137,57,2,,2,2,2,2,2,2
956,109,145,163,57,2,25.0,2,2,2,2,2,2
957,155,196,198,57,2,100.0,2,2,2,2,2,2
958,109,52,67,205,2,,2,2,2,2,2,2
959,205,136,111,205,2,50.0,2,2,2,2,2,2
960,198,172,172,84,2,,0,0,1,1,0,1
961,90,80,172,205,2,,2,2,2,2,2,2
962,322,196,225,205,2,50.0,2,2,2,2,2,2
963,123,107,128,186,2,,2,2,2,2,2,2
964,229,168,190,186,2,50.0,2,2,2,2,2,2
965,205,142,172,37,2,,2,2,2,2,2,2
966,161,219,172,189,2,,2,2,2,2,2,2
967,187,104,134,175,2,,2,2,2,2,2,2
968,246,177,195,175,2,50.0,2,2,2,2,2,2
969,105,106,137,98,2,,2,2,2,2,2,2
970,186,195,176,98,2,50.0,2,2,2,2,2,2
971,227,145,193,86,2,,2,2,2,2,2,2
972,119,80,239,133,2,,2,2,2,2,2,2
973,208,123,347,133,2,50.0,2,2,2,2,2,2
974,196,139,207,202,2,,2,2,2,2,2,2
975,176,178,312,205,2,,2,2,2,2,2,2
976,226,166,169,39,2,,2,2,2,2,2,2
977,220,178,242,63,2,100.0,0,1,1,1,0,1
978,127,151,277,150,2,50.0,2,2,2,2,2,2
979,209,136,260,140,2,,2,2,2,2,2,2
980,188,150,268,142,2,,2,2,2,2,2,2
981,238,203,225,27,2,,2,2,2,2,2,2
982,249,209,251,115,2,,2,2,2,2,2,2
983,139,234,251,56,2,,2,2,2,2,2,2
984,232,190,244,99,2,,2,2,2,2,2,2
985,280,235,146,92,2,,2,2,2,2,2,2
986,261,193,198,3,2,,2,2,2,2,2,2
987,244,195,198,47,2,,2,2,2,2,2,2
988,227,216,207,122,2,,2,2,2,2,2,2
989,266,211,148,132,2,,2,2,2,2,2,2
990,245,177,319,61,2,,2,2,2,2,2,2
991,249,179,214,19,2,,2,2,2,2,2,2
992,281,196,190,78,2,,2,2,2,2,2,2
993,250,200,225,167,2,,2,2,2,2,2,2
994,134,86,163,36,2,,2,2,2,2,2,2
995,173,128,207,36,2,25.0,2,2,2,2,2,2
996,254,168,229,36,2,100.0,2,2,2,2,2,2
997,140,76,128,98,2,,2,2,2,2,2,2
998,252,190,202,184,2,,2,2,2,2,2,2
999,186,242,198,21,0,,2,2,2,2,2,2
1000,261,167,190,23,0,,2,2,2,2,2,2
1001,194,203,321,22,0,,2,2,2,2,2,2
1002,269,221,146,18,0,,2,2,2,2,2,2
1003,280,196,233,29,2,,2,2,2,2,2,2
1004,279,171,179,54,2,,2,2,2,2,2,2
1005,263,223,205,60,0,,2,2,2,2,2,2
1006,263,223,205,42,0,,2,2,2,2,2,2
